pedido_id,fecha,producto,categoria,unidades,precio_unitario,ingresos,costo,utilidad
PED-0162,2026-01-01,Reloj,Accesorios,3,2300,6900,3600,3300
PED-0053,2026-01-01,Reloj,Accesorios,5,2300,11500,6000,5500
PED-0090,2026-01-02,Lámpara LED,Hogar,4,650,2600,1200,1400
PED-0122,2026-01-02,Laptop Pro,Tecnología,3,18500,55500,42000,13500
PED-0175,2026-01-03,Audífonos Bluetooth,Tecnología,1,1800,1800,950,850
PED-0069,2026-01-04,Monitor 24 pulgadas,Tecnología,1,4200,4200,3000,1200
PED-0114,2026-01-05,Playera,Ropa,5,550,2750,1100,1650
PED-0044,2026-01-06,Silla Ergonómica,Hogar,1,4800,4800,3100,1700
PED-0263,2026-01-07,Smartphone X,Tecnología,5,12500,62500,45000,17500
PED-0086,2026-01-08,Playera,Ropa,1,550,550,220,330
PED-0211,2026-01-10,Mochila,Accesorios,5,1200,6000,3000,3000
PED-0297,2026-01-11,Monitor 24 pulgadas,Tecnología,3,4200,12600,9000,3600
PED-0067,2026-01-11,Escritorio,Hogar,5,3500,17500,11000,6500
PED-0195,2026-01-11,Lámpara LED,Hogar,5,650,3250,1500,1750
PED-0296,2026-01-14,Silla Ergonómica,Hogar,1,4800,4800,3100,1700
PED-0007,2026-01-14,Reloj,Accesorios,5,2300,11500,6000,5500
PED-0203,2026-01-14,Reloj,Accesorios,4,2300,9200,4800,4400
PED-0204,2026-01-14,Tenis Deportivos,Ropa,1,1900,1900,1000,900
PED-0200,2026-01-15,Mochila,Accesorios,4,1200,4800,2400,2400
PED-0071,2026-01-17,Smartphone X,Tecnología,3,12500,37500,27000,10500
PED-0005,2026-01-17,Lámpara LED,Hogar,1,650,650,300,350
PED-0131,2026-01-21,Escritorio,Hogar,3,3500,10500,6600,3900
PED-0101,2026-01-21,Monitor 24 pulgadas,Tecnología,5,4200,21000,15000,6000
PED-0294,2026-01-21,Smartphone X,Tecnología,4,12500,50000,36000,14000
PED-0298,2026-01-21,Tenis Deportivos,Ropa,2,1900,3800,2000,1800
PED-0130,2026-01-22,Audífonos Bluetooth,Tecnología,3,1800,5400,2850,2550
PED-0226,2026-01-22,Smartphone X,Tecnología,3,12500,37500,27000,10500
PED-0095,2026-01-26,Laptop Pro,Tecnología,5,18500,92500,70000,22500
PED-0269,2026-01-28,Playera,Ropa,2,550,1100,440,660
PED-0079,2026-01-28,Mochila,Accesorios,1,1200,1200,600,600
PED-0261,2026-01-28,Laptop Pro,Tecnología,5,18500,92500,70000,22500
PED-0056,2026-01-30,Monitor 24 pulgadas,Tecnología,2,4200,8400,6000,2400
PED-0097,2026-01-30,Audífonos Bluetooth,Tecnología,5,1800,9000,4750,4250
PED-0089,2026-01-31,Lámpara LED,Hogar,2,650,1300,600,700
PED-0275,2026-01-31,Tenis Deportivos,Ropa,5,1900,9500,5000,4500
PED-0070,2026-01-31,Sudadera,Ropa,2,1100,2200,1000,1200
PED-0094,2026-02-01,Laptop Pro,Tecnología,3,18500,55500,42000,13500
PED-0267,2026-02-03,Smartphone X,Tecnología,4,12500,50000,36000,14000
PED-0099,2026-02-04,Tenis Deportivos,Ropa,2,1900,3800,2000,1800
PED-0213,2026-02-05,Playera,Ropa,1,550,550,220,330
PED-0154,2026-02-05,Lámpara LED,Hogar,3,650,1950,900,1050
PED-0268,2026-02-07,Mochila,Accesorios,5,1200,6000,3000,3000
PED-0107,2026-02-07,Escritorio,Hogar,1,3500,3500,2200,1300
PED-0172,2026-02-07,Tenis Deportivos,Ropa,4,1900,7600,4000,3600
PED-0057,2026-02-10,Tenis Deportivos,Ropa,1,1900,1900,1000,900
PED-0189,2026-02-11,Reloj,Accesorios,2,2300,4600,2400,2200
PED-0278,2026-02-11,Playera,Ropa,2,550,1100,440,660
PED-0167,2026-02-13,Playera,Ropa,3,550,1650,660,990
PED-0236,2026-02-14,Monitor 24 pulgadas,Tecnología,3,4200,12600,9000,3600
PED-0004,2026-02-14,Playera,Ropa,5,550,2750,1100,1650
PED-0039,2026-02-16,Mochila,Accesorios,1,1200,1200,600,600
PED-0247,2026-02-17,Laptop Pro,Tecnología,3,18500,55500,42000,13500
PED-0077,2026-02-19,Smartphone X,Tecnología,4,12500,50000,36000,14000
PED-0013,2026-02-19,Lámpara LED,Hogar,3,650,1950,900,1050
PED-0085,2026-02-20,Mochila,Accesorios,1,1200,1200,600,600
PED-0276,2026-02-20,Sudadera,Ropa,2,1100,2200,1000,1200
PED-0108,2026-02-21,Mochila,Accesorios,1,1200,1200,600,600
PED-0012,2026-02-22,Escritorio,Hogar,1,3500,3500,2200,1300
PED-0115,2026-02-23,Silla Ergonómica,Hogar,2,4800,9600,6200,3400
PED-0138,2026-02-25,Audífonos Bluetooth,Tecnología,4,1800,7200,3800,3400
PED-0220,2026-02-25,Silla Ergonómica,Hogar,5,4800,24000,15500,8500
PED-0126,2026-02-27,Laptop Pro,Tecnología,1,18500,18500,14000,4500
PED-0001,2026-02-27,Playera,Ropa,1,550,550,220,330
PED-0219,2026-02-28,Audífonos Bluetooth,Tecnología,2,1800,3600,1900,1700
PED-0116,2026-03-01,Silla Ergonómica,Hogar,1,4800,4800,3100,1700
PED-0271,2026-03-02,Monitor 24 pulgadas,Tecnología,5,4200,21000,15000,6000
PED-0100,2026-03-03,Lámpara LED,Hogar,5,650,3250,1500,1750
PED-0262,2026-03-06,Silla Ergonómica,Hogar,4,4800,19200,12400,6800
PED-0260,2026-03-06,Laptop Pro,Tecnología,3,18500,55500,42000,13500
PED-0059,2026-03-06,Reloj,Accesorios,2,2300,4600,2400,2200
PED-0202,2026-03-07,Mochila,Accesorios,5,1200,6000,3000,3000
PED-0074,2026-03-09,Reloj,Accesorios,5,2300,11500,6000,5500
PED-0110,2026-03-09,Silla Ergonómica,Hogar,3,4800,14400,9300,5100
PED-0179,2026-03-10,Mochila,Accesorios,4,1200,4800,2400,2400
PED-0038,2026-03-12,Monitor 24 pulgadas,Tecnología,5,4200,21000,15000,6000
PED-0035,2026-03-13,Silla Ergonómica,Hogar,2,4800,9600,6200,3400
PED-0003,2026-03-13,Monitor 24 pulgadas,Tecnología,1,4200,4200,3000,1200
PED-0288,2026-03-14,Silla Ergonómica,Hogar,1,4800,4800,3100,1700
PED-0129,2026-03-17,Reloj,Accesorios,4,2300,9200,4800,4400
PED-0170,2026-03-17,Monitor 24 pulgadas,Tecnología,1,4200,4200,3000,1200
PED-0127,2026-03-18,Sudadera,Ropa,5,1100,5500,2500,3000
PED-0191,2026-03-20,Sudadera,Ropa,2,1100,2200,1000,1200
PED-0215,2026-03-20,Laptop Pro,Tecnología,2,18500,37000,28000,9000
PED-0040,2026-03-20,Smartphone X,Tecnología,2,12500,25000,18000,7000
PED-0117,2026-03-21,Sudadera,Ropa,3,1100,3300,1500,1800
PED-0011,2026-03-21,Silla Ergonómica,Hogar,2,4800,9600,6200,3400
PED-0134,2026-03-21,Sudadera,Ropa,2,1100,2200,1000,1200
PED-0112,2026-03-22,Silla Ergonómica,Hogar,4,4800,19200,12400,6800
PED-0280,2026-03-22,Smartphone X,Tecnología,1,12500,12500,9000,3500
PED-0052,2026-03-24,Escritorio,Hogar,5,3500,17500,11000,6500
PED-0289,2026-03-26,Laptop Pro,Tecnología,3,18500,55500,42000,13500
PED-0087,2026-03-27,Monitor 24 pulgadas,Tecnología,4,4200,16800,12000,4800
PED-0025,2026-03-29,Tenis Deportivos,Ropa,5,1900,9500,5000,4500
PED-0279,2026-03-30,Monitor 24 pulgadas,Tecnología,5,4200,21000,15000,6000
PED-0232,2026-04-01,Lámpara LED,Hogar,5,650,3250,1500,1750
PED-0135,2026-04-01,Audífonos Bluetooth,Tecnología,4,1800,7200,3800,3400
PED-0259,2026-04-02,Escritorio,Hogar,3,3500,10500,6600,3900
PED-0136,2026-04-02,Laptop Pro,Tecnología,3,18500,55500,42000,13500
PED-0300,2026-04-03,Silla Ergonómica,Hogar,5,4800,24000,15500,8500
PED-0083,2026-04-04,Lámpara LED,Hogar,3,650,1950,900,1050
PED-0206,2026-04-04,Mochila,Accesorios,1,1200,1200,600,600
PED-0255,2026-04-05,Smartphone X,Tecnología,2,12500,25000,18000,7000
PED-0098,2026-04-06,Smartphone X,Tecnología,1,12500,12500,9000,3500
PED-0151,2026-04-08,Lámpara LED,Hogar,3,650,1950,900,1050
PED-0142,2026-04-09,Laptop Pro,Tecnología,4,18500,74000,56000,18000
PED-0018,2026-04-09,Escritorio,Hogar,1,3500,3500,2200,1300
PED-0254,2026-04-09,Smartphone X,Tecnología,3,12500,37500,27000,10500
PED-0159,2026-04-09,Audífonos Bluetooth,Tecnología,4,1800,7200,3800,3400
PED-0173,2026-04-10,Lámpara LED,Hogar,4,650,2600,1200,1400
PED-0153,2026-04-11,Reloj,Accesorios,3,2300,6900,3600,3300
PED-0286,2026-04-12,Playera,Ropa,4,550,2200,880,1320
PED-0223,2026-04-12,Sudadera,Ropa,1,1100,1100,500,600
PED-0051,2026-04-12,Tenis Deportivos,Ropa,2,1900,3800,2000,1800
PED-0063,2026-04-13,Reloj,Accesorios,3,2300,6900,3600,3300
PED-0194,2026-04-16,Laptop Pro,Tecnología,4,18500,74000,56000,18000
PED-0163,2026-04-18,Silla Ergonómica,Hogar,4,4800,19200,12400,6800
PED-0118,2026-04-18,Silla Ergonómica,Hogar,3,4800,14400,9300,5100
PED-0031,2026-04-19,Smartphone X,Tecnología,5,12500,62500,45000,17500
PED-0277,2026-04-19,Playera,Ropa,3,550,1650,660,990
PED-0109,2026-04-20,Reloj,Accesorios,5,2300,11500,6000,5500
PED-0006,2026-04-22,Smartphone X,Tecnología,2,12500,25000,18000,7000
PED-0217,2026-04-22,Tenis Deportivos,Ropa,4,1900,7600,4000,3600
PED-0028,2026-04-23,Playera,Ropa,3,550,1650,660,990
PED-0176,2026-04-23,Lámpara LED,Hogar,2,650,1300,600,700
PED-0198,2026-04-23,Lámpara LED,Hogar,4,650,2600,1200,1400
PED-0066,2026-04-26,Monitor 24 pulgadas,Tecnología,1,4200,4200,3000,1200
PED-0272,2026-04-26,Lámpara LED,Hogar,5,650,3250,1500,1750
PED-0287,2026-04-26,Smartphone X,Tecnología,2,12500,25000,18000,7000
PED-0141,2026-04-27,Silla Ergonómica,Hogar,2,4800,9600,6200,3400
PED-0019,2026-04-27,Laptop Pro,Tecnología,3,18500,55500,42000,13500
PED-0029,2026-04-28,Laptop Pro,Tecnología,1,18500,18500,14000,4500
PED-0068,2026-04-28,Reloj,Accesorios,5,2300,11500,6000,5500
PED-0190,2026-04-29,Audífonos Bluetooth,Tecnología,4,1800,7200,3800,3400
PED-0285,2026-04-30,Playera,Ropa,3,550,1650,660,990
PED-0020,2026-04-30,Smartphone X,Tecnología,1,12500,12500,9000,3500
PED-0245,2026-05-04,Mochila,Accesorios,4,1200,4800,2400,2400
PED-0244,2026-05-04,Smartphone X,Tecnología,4,12500,50000,36000,14000
PED-0237,2026-05-05,Mochila,Accesorios,4,1200,4800,2400,2400
PED-0224,2026-05-05,Tenis Deportivos,Ropa,1,1900,1900,1000,900
PED-0171,2026-05-06,Laptop Pro,Tecnología,4,18500,74000,56000,18000
PED-0026,2026-05-06,Sudadera,Ropa,2,1100,2200,1000,1200
PED-0111,2026-05-06,Smartphone X,Tecnología,3,12500,37500,27000,10500
PED-0184,2026-05-07,Silla Ergonómica,Hogar,3,4800,14400,9300,5100
PED-0214,2026-05-07,Laptop Pro,Tecnología,2,18500,37000,28000,9000
PED-0178,2026-05-08,Laptop Pro,Tecnología,1,18500,18500,14000,4500
PED-0081,2026-05-08,Smartphone X,Tecnología,2,12500,25000,18000,7000
PED-0084,2026-05-08,Mochila,Accesorios,1,1200,1200,600,600
PED-0132,2026-05-08,Monitor 24 pulgadas,Tecnología,1,4200,4200,3000,1200
PED-0137,2026-05-08,Lámpara LED,Hogar,3,650,1950,900,1050
PED-0120,2026-05-09,Mochila,Accesorios,1,1200,1200,600,600
PED-0253,2026-05-09,Silla Ergonómica,Hogar,2,4800,9600,6200,3400
PED-0266,2026-05-10,Laptop Pro,Tecnología,4,18500,74000,56000,18000
PED-0210,2026-05-10,Lámpara LED,Hogar,1,650,650,300,350
PED-0218,2026-05-12,Sudadera,Ropa,3,1100,3300,1500,1800
PED-0241,2026-05-13,Escritorio,Hogar,3,3500,10500,6600,3900
PED-0146,2026-05-14,Smartphone X,Tecnología,2,12500,25000,18000,7000
PED-0036,2026-05-15,Sudadera,Ropa,5,1100,5500,2500,3000
PED-0048,2026-05-15,Sudadera,Ropa,5,1100,5500,2500,3000
PED-0123,2026-05-15,Audífonos Bluetooth,Tecnología,2,1800,3600,1900,1700
PED-0119,2026-05-16,Monitor 24 pulgadas,Tecnología,5,4200,21000,15000,6000
PED-0147,2026-05-16,Tenis Deportivos,Ropa,1,1900,1900,1000,900
PED-0061,2026-05-16,Audífonos Bluetooth,Tecnología,5,1800,9000,4750,4250
PED-0014,2026-05-16,Escritorio,Hogar,1,3500,3500,2200,1300
PED-0024,2026-05-17,Playera,Ropa,1,550,550,220,330
PED-0045,2026-05-17,Playera,Ropa,3,550,1650,660,990
PED-0235,2026-05-18,Lámpara LED,Hogar,3,650,1950,900,1050
PED-0233,2026-05-19,Playera,Ropa,5,550,2750,1100,1650
PED-0199,2026-05-20,Monitor 24 pulgadas,Tecnología,4,4200,16800,12000,4800
PED-0002,2026-05-21,Sudadera,Ropa,2,1100,2200,1000,1200
PED-0242,2026-05-22,Silla Ergonómica,Hogar,5,4800,24000,15500,8500
PED-0009,2026-05-23,Mochila,Accesorios,1,1200,1200,600,600
PED-0021,2026-05-23,Lámpara LED,Hogar,4,650,2600,1200,1400
PED-0143,2026-05-23,Escritorio,Hogar,1,3500,3500,2200,1300
PED-0257,2026-05-25,Sudadera,Ropa,1,1100,1100,500,600
PED-0187,2026-05-27,Sudadera,Ropa,2,1100,2200,1000,1200
PED-0283,2026-05-28,Monitor 24 pulgadas,Tecnología,3,4200,12600,9000,3600
PED-0290,2026-05-28,Tenis Deportivos,Ropa,4,1900,7600,4000,3600
PED-0282,2026-05-30,Mochila,Accesorios,1,1200,1200,600,600
PED-0017,2026-05-31,Reloj,Accesorios,5,2300,11500,6000,5500
PED-0046,2026-05-31,Smartphone X,Tecnología,4,12500,50000,36000,14000
PED-0258,2026-06-01,Monitor 24 pulgadas,Tecnología,2,4200,8400,6000,2400
PED-0093,2026-06-01,Monitor 24 pulgadas,Tecnología,2,4200,8400,6000,2400
PED-0158,2026-06-01,Lámpara LED,Hogar,5,650,3250,1500,1750
PED-0050,2026-06-02,Playera,Ropa,5,550,2750,1100,1650
PED-0197,2026-06-02,Escritorio,Hogar,4,3500,14000,8800,5200
PED-0106,2026-06-03,Playera,Ropa,4,550,2200,880,1320
PED-0156,2026-06-03,Sudadera,Ropa,5,1100,5500,2500,3000
PED-0225,2026-06-04,Sudadera,Ropa,5,1100,5500,2500,3000
PED-0161,2026-06-04,Tenis Deportivos,Ropa,4,1900,7600,4000,3600
PED-0113,2026-06-04,Reloj,Accesorios,5,2300,11500,6000,5500
PED-0270,2026-06-05,Audífonos Bluetooth,Tecnología,1,1800,1800,950,850
PED-0169,2026-06-08,Monitor 24 pulgadas,Tecnología,2,4200,8400,6000,2400
PED-0221,2026-06-09,Laptop Pro,Tecnología,5,18500,92500,70000,22500
PED-0149,2026-06-10,Sudadera,Ropa,4,1100,4400,2000,2400
PED-0155,2026-06-10,Tenis Deportivos,Ropa,1,1900,1900,1000,900
PED-0104,2026-06-10,Monitor 24 pulgadas,Tecnología,2,4200,8400,6000,2400
PED-0103,2026-06-11,Tenis Deportivos,Ropa,3,1900,5700,3000,2700
PED-0032,2026-06-11,Sudadera,Ropa,2,1100,2200,1000,1200
PED-0180,2026-06-12,Playera,Ropa,4,550,2200,880,1320
PED-0164,2026-06-14,Tenis Deportivos,Ropa,4,1900,7600,4000,3600
PED-0295,2026-06-15,Sudadera,Ropa,5,1100,5500,2500,3000
PED-0145,2026-06-19,Lámpara LED,Hogar,1,650,650,300,350
PED-0251,2026-06-19,Sudadera,Ropa,3,1100,3300,1500,1800
PED-0168,2026-06-21,Reloj,Accesorios,1,2300,2300,1200,1100
PED-0188,2026-06-21,Silla Ergonómica,Hogar,3,4800,14400,9300,5100
PED-0265,2026-06-24,Mochila,Accesorios,2,1200,2400,1200,1200
PED-0250,2026-06-26,Reloj,Accesorios,4,2300,9200,4800,4400
PED-0144,2026-06-29,Silla Ergonómica,Hogar,5,4800,24000,15500,8500
PED-0212,2026-06-29,Laptop Pro,Tecnología,2,18500,37000,28000,9000
PED-0023,2026-07-01,Escritorio,Hogar,2,3500,7000,4400,2600
PED-0055,2026-07-05,Smartphone X,Tecnología,3,12500,37500,27000,10500
PED-0022,2026-07-06,Playera,Ropa,2,550,1100,440,660
PED-0249,2026-07-08,Silla Ergonómica,Hogar,4,4800,19200,12400,6800
PED-0128,2026-07-09,Laptop Pro,Tecnología,5,18500,92500,70000,22500
PED-0064,2026-07-11,Lámpara LED,Hogar,4,650,2600,1200,1400
PED-0222,2026-07-12,Playera,Ropa,4,550,2200,880,1320
PED-0016,2026-07-13,Smartphone X,Tecnología,1,12500,12500,9000,3500
PED-0027,2026-07-14,Mochila,Accesorios,3,1200,3600,1800,1800
PED-0238,2026-07-14,Tenis Deportivos,Ropa,3,1900,5700,3000,2700
PED-0209,2026-07-14,Escritorio,Hogar,3,3500,10500,6600,3900
PED-0160,2026-07-14,Playera,Ropa,2,550,1100,440,660
PED-0207,2026-07-14,Silla Ergonómica,Hogar,3,4800,14400,9300,5100
PED-0042,2026-07-17,Smartphone X,Tecnología,4,12500,50000,36000,14000
PED-0105,2026-07-22,Silla Ergonómica,Hogar,2,4800,9600,6200,3400
PED-0037,2026-07-24,Lámpara LED,Hogar,3,650,1950,900,1050
PED-0174,2026-07-24,Mochila,Accesorios,2,1200,2400,1200,1200
PED-0030,2026-07-25,Escritorio,Hogar,3,3500,10500,6600,3900
PED-0292,2026-07-26,Sudadera,Ropa,3,1100,3300,1500,1800
PED-0080,2026-07-26,Laptop Pro,Tecnología,3,18500,55500,42000,13500
PED-0201,2026-07-27,Escritorio,Hogar,2,3500,7000,4400,2600
PED-0248,2026-07-27,Monitor 24 pulgadas,Tecnología,2,4200,8400,6000,2400
PED-0076,2026-07-28,Mochila,Accesorios,2,1200,2400,1200,1200
PED-0133,2026-07-28,Escritorio,Hogar,5,3500,17500,11000,6500
PED-0157,2026-07-29,Silla Ergonómica,Hogar,3,4800,14400,9300,5100
PED-0192,2026-08-01,Smartphone X,Tecnología,4,12500,50000,36000,14000
PED-0102,2026-08-03,Smartphone X,Tecnología,5,12500,62500,45000,17500
PED-0008,2026-08-03,Monitor 24 pulgadas,Tecnología,2,4200,8400,6000,2400
PED-0229,2026-08-04,Laptop Pro,Tecnología,4,18500,74000,56000,18000
PED-0041,2026-08-05,Playera,Ropa,5,550,2750,1100,1650
PED-0121,2026-08-05,Smartphone X,Tecnología,3,12500,37500,27000,10500
PED-0062,2026-08-05,Tenis Deportivos,Ropa,2,1900,3800,2000,1800
PED-0078,2026-08-05,Escritorio,Hogar,4,3500,14000,8800,5200
PED-0010,2026-08-05,Audífonos Bluetooth,Tecnología,3,1800,5400,2850,2550
PED-0125,2026-08-07,Sudadera,Ropa,5,1100,5500,2500,3000
PED-0205,2026-08-08,Playera,Ropa,2,550,1100,440,660
PED-0227,2026-08-08,Reloj,Accesorios,3,2300,6900,3600,3300
PED-0274,2026-08-08,Silla Ergonómica,Hogar,3,4800,14400,9300,5100
PED-0230,2026-08-10,Smartphone X,Tecnología,3,12500,37500,27000,10500
PED-0148,2026-08-11,Smartphone X,Tecnología,3,12500,37500,27000,10500
PED-0152,2026-08-12,Laptop Pro,Tecnología,1,18500,18500,14000,4500
PED-0186,2026-08-14,Silla Ergonómica,Hogar,1,4800,4800,3100,1700
PED-0124,2026-08-15,Sudadera,Ropa,5,1100,5500,2500,3000
PED-0165,2026-08-15,Mochila,Accesorios,2,1200,2400,1200,1200
PED-0182,2026-08-17,Reloj,Accesorios,2,2300,4600,2400,2200
PED-0082,2026-08-18,Monitor 24 pulgadas,Tecnología,2,4200,8400,6000,2400
PED-0281,2026-08-19,Lámpara LED,Hogar,5,650,3250,1500,1750
PED-0273,2026-08-19,Lámpara LED,Hogar,4,650,2600,1200,1400
PED-0065,2026-08-20,Reloj,Accesorios,1,2300,2300,1200,1100
PED-0284,2026-08-21,Sudadera,Ropa,1,1100,1100,500,600
PED-0047,2026-08-21,Audífonos Bluetooth,Tecnología,1,1800,1800,950,850
PED-0252,2026-08-21,Sudadera,Ropa,3,1100,3300,1500,1800
PED-0091,2026-08-21,Silla Ergonómica,Hogar,3,4800,14400,9300,5100
PED-0208,2026-08-21,Monitor 24 pulgadas,Tecnología,3,4200,12600,9000,3600
PED-0034,2026-08-23,Playera,Ropa,2,550,1100,440,660
PED-0140,2026-08-24,Monitor 24 pulgadas,Tecnología,3,4200,12600,9000,3600
PED-0015,2026-08-24,Sudadera,Ropa,5,1100,5500,2500,3000
PED-0231,2026-08-24,Playera,Ropa,2,550,1100,440,660
PED-0193,2026-08-27,Escritorio,Hogar,4,3500,14000,8800,5200
PED-0043,2026-08-28,Tenis Deportivos,Ropa,5,1900,9500,5000,4500
PED-0291,2026-08-28,Smartphone X,Tecnología,3,12500,37500,27000,10500
PED-0139,2026-08-29,Laptop Pro,Tecnología,2,18500,37000,28000,9000
PED-0264,2026-08-29,Silla Ergonómica,Hogar,4,4800,19200,12400,6800
PED-0216,2026-08-31,Audífonos Bluetooth,Tecnología,1,1800,1800,950,850
PED-0075,2026-08-31,Tenis Deportivos,Ropa,2,1900,3800,2000,1800
PED-0166,2026-08-31,Reloj,Accesorios,2,2300,4600,2400,2200
PED-0183,2026-09-01,Sudadera,Ropa,4,1100,4400,2000,2400
PED-0060,2026-09-01,Playera,Ropa,5,550,2750,1100,1650
PED-0196,2026-09-02,Lámpara LED,Hogar,1,650,650,300,350
PED-0088,2026-09-04,Mochila,Accesorios,2,1200,2400,1200,1200
PED-0234,2026-09-05,Reloj,Accesorios,4,2300,9200,4800,4400
PED-0256,2026-09-05,Monitor 24 pulgadas,Tecnología,3,4200,12600,9000,3600
PED-0058,2026-09-06,Sudadera,Ropa,1,1100,1100,500,600
PED-0073,2026-09-06,Silla Ergonómica,Hogar,2,4800,9600,6200,3400
PED-0185,2026-09-06,Reloj,Accesorios,2,2300,4600,2400,2200
PED-0240,2026-09-07,Audífonos Bluetooth,Tecnología,2,1800,3600,1900,1700
PED-0092,2026-09-07,Lámpara LED,Hogar,2,650,1300,600,700
PED-0054,2026-09-08,Escritorio,Hogar,1,3500,3500,2200,1300
PED-0246,2026-09-09,Playera,Ropa,4,550,2200,880,1320
PED-0293,2026-09-10,Reloj,Accesorios,4,2300,9200,4800,4400
PED-0239,2026-09-11,Laptop Pro,Tecnología,3,18500,55500,42000,13500
PED-0033,2026-09-13,Playera,Ropa,4,550,2200,880,1320
PED-0096,2026-09-15,Mochila,Accesorios,5,1200,6000,3000,3000
PED-0181,2026-09-16,Tenis Deportivos,Ropa,4,1900,7600,4000,3600
PED-0228,2026-09-17,Smartphone X,Tecnología,3,12500,37500,27000,10500
PED-0049,2026-09-17,Audífonos Bluetooth,Tecnología,1,1800,1800,950,850
PED-0150,2026-09-19,Tenis Deportivos,Ropa,1,1900,1900,1000,900
PED-0072,2026-09-21,Smartphone X,Tecnología,2,12500,25000,18000,7000
PED-0243,2026-09-22,Laptop Pro,Tecnología,2,18500,37000,28000,9000
PED-0177,2026-09-23,Sudadera,Ropa,4,1100,4400,2000,2400
PED-0299,2026-09-23,Mochila,Accesorios,4,1200,4800,2400,2400
